{
  "ping": 0,
  "slippingOffset":-0.56,
  "droppingOffset": {
    "18.10864704954567": -0.555,
    "2.744000053405762": -0.555,
    "6.086336549150885": -0.555,
    "26.05954000012197": -0.555,
    "30.12282838077378": -0.555,
    "3.104640090332032": -0.555,
    "2.058000040054321": -0.555,
    "8.949957939668353": -0.555,
    "13.03417668325234": -0.555
  }
}